{"cameraMode":{"drawMode":0,"name":"Shaded","section":"Shading Mode"},"sceneLighting":false,"audioPlay":false,"sceneViewState":{"m_AlwaysRefresh":true,"showFog":true,"showSkybox":false,"showFlares":true,"showImageEffects":true,"showParticleSystems":true,"showVisualEffectGraphs":true,"m_FxEnabled":true},"in2DMode":false,"pivot":{"x":0.000009775161743164063,"y":0.8869888186454773,"z":-0.026244640350341798},"rotation":{"x":-0.3241289258003235,"y":0.625347912311554,"z":-0.3198702335357666,"w":-0.6336791515350342},"size":3.4362642765045168,"orthographic":false}